<?xml version="1.0" encoding="UTF-8" ?>
<!DOCTYPE html>
<HTML>
  <head>
    <meta charset='utf-8'/>
    <title>
      <data:blog.title/>
    </title>
    <b:skin><![CDATA[
      
/*-----------------------------------------------
Template name	: Iframe Toolbar Blogger Template
Author		: Hriza muh
URl 		: http://problogiz.blogspot.com/
Description	: jQuery iFarme Toolbar dengan blogger template untuk demo blog
----------------------------------------------- */
#navbar-iframe, .icon-action, .quickedit {
height:0;
visibility:hidden;
display:none
}
* {
margin:0;
padding:0
}
body {
margin:0;
padding:0;
width:100%;
height:100%;
background:url(http://4.bp.blogspot.com/-KVzq0iuGvvQ/T34SS4o0B9I/AAAAAAAAE-g/Uhvuck8ELyc/s1600/menu.png) no-repeat center 35px;
overflow:hidden;
font-family:Arial, Tahoma, Verdana, serif
}
a {
text-decoration: none;
cursor: auto;
color: #777777;
}
#content {
width:100%;
height:100%;
background:000
}
#toolbar {
background:#E7E7E7 url(http://1.bp.blogspot.com/-MCkmI-SOnwI/Tp43EF48u_I/AAAAAAAACVo/SBugpQ4d4Gc/s1600/bar-bg.png) repeat-x left bottom;
height:34px!important;
border-bottom:1px solid #bbb
}
#toolbar_kanan {
width:50%;
float:left
}
#toolbar_kiri {
width:50%;
float:right
}
.icon_blog {
margin:8px 3px 0 8px;
float:left
}
#search {
width:215px;
font-size:11px;
float:left;
margin:0;
padding:6px 0 0;
margin-left:7px
}
#search {
border:1px solid #C9D7F1;
height:18px;
width:155px;
padding:2px;
margin-top:5px;
margin-right:10px;
background:#f6f4f4
}
#search input {
border:0;
background:none;
color:#575757
}
#s {
font-size:12px;
width:130px;
padding-left:4px;
margin:0;
background:none
}
#topsearch #search {
margin-top:0;
border-radius:3px;
background-color:#FFF;
border:1px solid #CDCDCD
}
#topsearch #s {
width:111px
}
.top_button {
margin-top: 8px;
margin-left: 10px;
float: right;
font-weight: 700;
font-size: 19px;
text-transform: uppercase !important;
text-shadow: 1px 1px 1px rgba(255, 255, 255, 1);
font-family: "Rockwell Extra Bold", "Rockwell Bold", monospace;
}
#label {
float:right;
margin:0;
padding-top:5px
}
.text-style {
background:url(http://1.bp.blogspot.com/-VaJX0ShxH6c/TeUGQ0IGOWI/AAAAAAAAJGo/Qw7sIjc5MrQ/s25/bc_separator.png) no-repeat;
color:#333;
display:block;
font-size:12px;
font-weight:normal;
text-transform:normal;
margin:0;
height:25px
}
.text-style:hover {
color:#F60;
cursor:pointer;
height:14px
}
#label ul {
float:left;
list-style:none;
margin:0;
padding:0
}
#label li {
margin:0;
padding:3px;
list-style:none
}
#label li a, #label li a:link, #label li a:visited {
color:#333;
display:block;
font-size:12px;
font-weight:bold;
text-transform:normal;
margin:0;
padding:5px 5px 5px 10px
}
#label li a:hover, #label li a:active {
color:#F60;
margin:0
}
#label li li a, #label li li a:link, #label li li a:visited {
background:#f9f9f9;
width:90px;
color:#333;
font-size:11px;
font-weight:normal;
text-transform:normal;
float:none;
margin:0;
padding:5px 10px 4px;
border-top:1px solid #f9f9f9;
border-bottom:1px solid #CDCDCD;
border-left:1px solid #CDCDCD;
border-right:1px solid #CDCDCD
}
#label li li a:hover, #label li li a:active {
background:#fff;
color:#F60;
padding:5px 10px 4px;
border-top:1px solid #FFF
}
#label li {
float:left;
padding:0
}
#label li ul {
z-index:999;
position:absolute;
left:-999em;
height:auto;
width:100px;
margin:0;
padding-top:2px
}
#label li ul a {
width:100px
}
#label li ul ul {
margin:-31px 0 0 100px
}
#label li:hover ul ul, #label li:hover ul ul ul, #label li.sfhover ul ul, #label li.sfhover ul ul ul {
left:-999em
}
#label li:hover ul, #label li li:hover ul, #label li li li:hover ul, #label li.sfhover ul, #label li li.sfhover ul, #label li li li.sfhover ul {
left:auto
}
#label li:hover, #label li.sfhover {
position:static
}
#button-left {
background:#fff;
font-weight:bold;
font-color:#F60;
text-shadow:2px 2px 2px #fff;
border-top:1px dashed #ccc;
border-right:1px dashed #ccc;
display:scroll;
position:fixed;
bottom:0;
left:0;
padding:0 7px 4px 5px;
-moz-border-radius:0 4px 0 0;
-khtml-border-radius:0 4px 0 0;
-webkit-border-radius:0 4px 0 0;
border-radius:0 4px 0 0
}
#button-left a:hover, #button-right a:hover {
color:#045FB4
}
.footer {text-align: center;
position: fixed;
bottom: 0;
right: 0;
float: right;
font-size: 11px;}
.footer a {
border:0;
color:#666;
font-size:11px;
text-decoration:none;
z-index:50
}
.footer a:hover {
color:#BBB;
}

    ]]></b:skin>

<script src='https://ajax.googleapis.com/ajax/libs/jquery/1.3.2/jquery.min.js' type='text/javascript'/>
    <script type='text/javascript'>
      //<![CDATA[
      eval(function (p, a, c, k, e, r) {
        e = function (c) {
          return (c < a ? '' : e(parseInt(c / a))) + ((c = c % a) > 35 ? String.fromCharCode(c + 29) : c.toString(36))
        };
        if (!''.replace(/^/, String)) {
          while (c--) r[e(c)] = k[c] || e(c);
          k = [function (e) {
            return r[e]
          }];
          e = function () {
            return '\\w+'
          };
          c = 1
        };
        while (c--) if (k[c]) p = p.replace(new RegExp('\\b' + e(c) + '\\b', 'g'), k[c]);
        return p
      }('$(d).R(y);2 y(){$(\'8\').k(\'l\',m());z();9()}2 m(){3 f=4.n.o;3 5=\'a://A.S.T/\';3 g=f.B("8=");b(g!=-1)5=f.U(g+7,f.V-g-7);b(5.B("a://")==-1)5="a://"+5;h 5}2 z(){$(4).W(2(){9()});$("#C").6("c",2(){4.X.C()});$("#p").6("c",D);$("#Y").6("c",r);$("#Z").6("c",2(){4.n.o=$("8").k("l")});$("#E").6("c",2(){4.n.o="a://E.F/?10="+m()+" - "});$("#G").6("11",2(e){e=e||4.12;b(e.14==13){r()}})}3 i="s";2 D(){b(i=="s")H();15 I()}2 H(){$("#t").J({u:16},K,"L",2(){$("#p").M("N-O","-17 0");9();i="18"})}2 I(){$("#t").J({u:19},K,"L",2(){$("#p").M("N-O","-1a 0");9();i="s"})}2 r(){3 v=$("#v").1b();$(\'8\').k(\'l\',\'a://1c.A.F/G?q=\'+v)}2 9(){$("#8").u(P()-Q(d.1d("t")))}2 P(){3 w=d.1e;h 1f.1g||(w&&w.x)||d.1h.x}2 Q(j){b(j.1i){h j.1j}h j.x}', 62, 82, '||function|var|window|iframe_url|bind||iframe|resizeIframe|http|if|click|document||url|param_start|return|arrawState|obj|attr|src|getIframeUrl|location|href|arrow||onSearch|up|toolbar|height|qs|de|clientHeight|main|registerEvents|google|indexOf|back|onArrow|twitter|com|search|onDownArrow|onUpArrow|animate|1000|swing|css|background|position|WindowHeight|getObjHeight|ready|co|id|substr|length|resize|history|searchBtn|close|status|keypress|event||keyCode|else|125|32px|down|73|16px|val|www|getElementById|documentElement|self|innerHeight|body|offsetWidth|offsetHeight'.split('|'), 0, {}))
      //]]>
    </script>
    <style type='text/css'>
      /* iframe */
      #iframe, iframe{width: 100%; height: 100%; border:none;}
    </style>
  </head>
  <body>
    <div id='content'>
      <b:section class='main' id='main' showaddelement='no'/>
      <div id='button-left'>
        <a href='javascript:history.go(-1);' title='GO BACK TO PAGE SOURCE'>
          &#9668; BACK
        </a>
      </div>
      <div id='toolbar'>
        <div id='toolbar_kanan'>
          <div class='icon_blog'>
            <a href='#'>
              <img src='http://1.bp.blogspot.com/_C6KkooKXCEw/TUEs3zAAwPI/AAAAAAAAH5I/QDxxH07XiOQ/s400/home.png'/>
            </a>
          </div>
          <div id='search'>
            <form action='http://www.google.com/search' method='get' target='_blank'>
              <input name='sitesearch' type='hidden' value='http://problogiz.blogspot.com'/>
              <input id='s' name='q' placeholder='Search something...' type='text'/>
              <input src='http://1.bp.blogspot.com/_C6KkooKXCEw/TIBqtV6pdmI/AAAAAAAAGyM/QUBsym_R9V0/s200/search.png' style='border: 0pt none ; vertical-align: top; padding-top:3px' type='image'/>
            </form>
          </div>
          <div class='top_button'>
            <a href='#'>
              My Blog Demo
            </a>
          </div>
        </div>
        <div id='toolbar_kiri'>
          <ul id='label'>
            <li>
              <a href='http://www.blogger.com/'>
                Blogger +
              </a>
            </li>
            <li class='text-style'>
              <a href='#'>
                Categories &#9660;
              </a>
              <ul>
                <li>
                  <a href=''>
                    Menu 1
                  </a>
                </li>
                <li>
                  <a href=''>
                    Menu 2
                  </a>
                </li>
                <li>
                  <a href=''>
                    Menu 3
                  </a>
                </li>
                <li>
                  <a href=''>
                    Menu 4
                  </a>
                </li>
              </ul>
            </li>
            <li class='text-style'>
              <a href='#'>
                Categories 2 &#9660;
              </a>
              <ul>
                <li>
                  <a href=''>
                    Menu 1
                  </a>
                </li>
                <li>
                  <a href=''>
                    Menu 2
                  </a>
                </li>
                <li>
                  <a href=''>
                    Menu 3
                  </a>
                </li>
                <li>
                  <a href=''>
                    Menu 4
                  </a>
                </li>
                <li>
                  <a href=''>
                    Menu 5
                  </a>
                </li>
                <li>
                  <a href=''>
                    Menu 6
                  </a>
                </li>
                <li>
                  <a href=''>
                    Menu 7
                  </a>
                </li>
                <li>
                  <a href=''>
                    Menu 8
                  </a>
                </li>
              </ul>
            </li>
            <li class='text-style'>
              <a href='#'>
                Profile &#9660;
              </a>
              <ul>
                <li>
                  <a href='https://plus.google.com/'>
                    Google+
                  </a>
                </li>
                <li>
                  <a href='http://www.facebook.com/'>
                    Facebook
                  </a>
                </li>
                <li>
                  <a href='https://twitter.com/'>
                    Twitter
                  </a>
                </li>
                <li>
                  <a href='http://www.facebook.com/pages'>
                    FB Page
                  </a>
                </li>
              </ul>
            </li>
            <li class='text-style'>
              <a href='#'>
                Partners&#9660;
              </a>
              <ul>
                <li>
                  <a href='http://problogiz.blogspot.com/'>
                    proBlogiz
                  </a>
                </li>
                <li>
                  <a href='http://www.blogger.com/'>
                    Blogger
                  </a>
                </li>            
              </ul>
            </li>
          </ul>
          <!-- END of UL -->
        </div>
      </div>
      <div class='footer'>
        |
        <b>
          Pro-iFrame Template
        </b>
        by
        <a href='problogiz.blogspot' title='Problogiz-Tutorials'>
          Problogiz
        </a>
        |     
      </div>
      <b:include data='blog' name='google-analytics'/>
    </div>
    <div id='iframe'>
      <iframe src=''/>
    </div>
  </body>
</HTML>